firstName,lastName,emailID,passportNumber
Kalila,Thies,kthies0@newyorker.com,QW32656214
Beverlie,Harrema,bharrema1@shinystat.com,AT07682354
Dorita,Gaiter,dgaiter2@whitehouse.gov,ZA83161550
Iolanthe,Scammell,iscammell3@dmoz.org,HE74780423
Wendall,Wetwood,wwetwood4@miibeian.gov.cn,NU22295352
Dyanne,Atlee,datlee5@zdnet.com,OY91824661
Orion,Bowick,obowick6@marriott.com,GW05664676
Bernadine,Torpie,btorpie7@nsw.gov.au,NF66835362
Zarla,Montfort,zmontfort8@elegantthemes.com,OL65060278
Reagan,Shemmans,rshemmans9@plala.or.jp,HU40754537
Margaretta,Rhodef,mrhodefa@webeden.co.uk,FH43771330
Aloise,Costall,acostallb@mozilla.com,RK21452802
Ethelyn,Hatherley,ehatherleyc@zimbio.com,VS43836835
Eula,Fills,efillsd@theguardian.com,KX66076800
Beilul,Baugh,bbaughe@newsvine.com,UY21215543
Druci,Cubitt,dcubittf@miibeian.gov.cn,HU02831914
Gayleen,Blant,gblantg@nasa.gov,TX80074981
Carolyne,Scutt,cscutth@ox.ac.uk,LA46152920
Sarajane,Caw,scawi@hatena.ne.jp,RU00930228
Abram,Storrier,astorrierj@a8.net,PU16866761